{"cameraMode":{"drawMode":0,"name":"Shaded","section":"Shading Mode"},"sceneLighting":true,"audioPlay":false,"sceneViewState":{"showFog":true,"showMaterialUpdate":false,"showSkybox":true,"showFlares":true,"showImageEffects":true,"showParticleSystems":true},"in2DMode":false,"pivot":{"x":28.205413818359376,"y":18.9173526763916,"z":48.8634033203125},"rotation":{"x":0.0041887471452355389,"y":0.021596336737275125,"z":0.0001173988712253049,"w":-0.9997965693473816},"size":270.59814453125,"orthographic":false}